{
  "trained_at": "2026-05-25T19:59:36.420155Z",
  "rfm": {
    "n_users": 1900,
    "silhouette": 0.5562056275811409,
    "distribution": {
      "Bronze": 183,
      "Silver": 1127,
      "Gold": 426,
      "Platinum": 164
    }
  },
  "churn": {
    "accuracy": 0.7933333333333333,
    "precision": 0.8031496062992126,
    "recall": 0.7338129496402878,
    "f1": 0.7669172932330827,
    "roc_auc": 0.833728048617007,
    "n_train": 1700,
    "n_test": 300,
    "feature_importance": {
      "total_spent": 0.42868999618744363,
      "membership_level_numeric": 0.199915887578398,
      "days_since_last_payment": 0.0668346936899472,
      "days_since_last_booking": 0.05723688165460475,
      "notifications_read_ratio": 0.04531424704640402,
      "days_since_registration": 0.045276459296788286,
      "loyalty_balance": 0.04405309286280495,
      "days_since_last_login": 0.036988345422898604,
      "avg_booking_value": 0.029925583491833375,
      "days_since_level_change": 0.024839359433437673,
      "cancelled_bookings_ratio": 0.015344180999212037,
      "total_bookings_count": 0.003006734750827952,
      "referrals_count": 0.0015158406855685124,
      "total_payments_count": 0.0010586968998311727
    }
  },
  "recsys": {
    "n_users": 1358,
    "n_events": 80,
    "n_interactions": 3387
  }
}